COMID,Local Cumulative Precip (cm /y),Local Average Temperature C,Local Cumulative Runoff (cm/y),Cumulative Generated Sediment Load (tonnes/year),Cumulative WaterShed Precip cm/y,Routed Outflow m3/year,Routed Sediment Load (tonnes/year)
307676500,116.82825708756339,25.318118355638465,0.26597940958052696,0.0,116.82825708756339,3.6509914626800306E7,0.0
307668700,121.42810892697541,25.34867737952127,0.281780905928834,0.0,238.25636601453877,2.2187596300739586E7,0.0
307668800,128.35570676510983,25.447241226348066,6.560994827701307,0.0,366.6120727796486,1.5536156821878472E8,0.0
307635600,128.40779357813793,25.46813965672671,6.635477030247113,0.0,495.0198663577864,2.128234955521701E7,0.0
307621000,133.07797907525992,25.497367435846733,7.353941851661607,0.0,628.0978454330464,2.0124763883060947E8,0.0
